candidate_id,rank,score,reasoning
CAND_0000031,1,0.99,"This candidate is a strong fit because they have a strong background in machine learning and have experience with Go and MLflow. Additionally, they have a strong background in FAISS, which is a popular recommendation system framework."
CAND_0000007,2,0.9244762773383894,"This candidate is a strong fit because they have a proven track record of 5.5 years of experience in civil engineering, with a strong background in content writing and a strong background in MongoDB. Additionally, they have a strong track record of success in sales, which demonstrates."
CAND_0000013,3,0.9173225194846419,"This candidate is a strong fit because they have a strong background in React and Redux, and have experience with Vue.js."
CAND_0000023,4,0.8844392696133178,"This candidate is a strong fit because they have a proven track record of experience in software engineering, with a strong background in BigQuery and marketing. Additionally, they have a strong understanding of Node.js, making them well-suited for a variety of projects."
CAND_0000022,5,0.865496413867793,"This candidate is a strong fit because they have a strong background in computer science and have experience with both OpenCV and Django. Additionally, they have a strong understanding of Terraform, which is a popular open-source infrastructure management system."
CAND_0000014,6,0.8634055983117086,"This candidate is a strong fit because they have a proven track record of developing and implementing front-end technologies such as FAISS, BigQuery, and React. Their experience in these areas is highly valued by employers and demonstrates their ability to work effectively in a fast-paced and dynamic."
CAND_0000046,7,0.8618110266646369,"This candidate is a strong fit because they have a proven track record of delivering high-quality software products using Agile methodologies, Scrum, and SAP. They have a strong understanding of the importance of delivering value to customers and have experience working with a variety of software development frameworks and."
CAND_0000001,8,0.8595489201975604,"This candidate is a strong fit because they have a proven track record of developing and implementing scalable, efficient, and effective backend technologies, including Tailwind CSS and NLP. Additionally, they have a strong background in image classification, which is a crucial skill for building scalable and."
CAND_0000049,9,0.8386203790928826,"This candidate is a strong fit because they have a 11.8-year track record of working with TypeScript, Rust, and Data Pipelines, and have a strong background in programming languages such as TypeScript and Rust."
CAND_0000045,10,0.825049893661232,"This candidate is a strong fit because they have a proven track record of managing projects successfully, having worked as a Project Manager for 12.2 years, and possess strong skills in GCP, Sales, and Redux."
CAND_0000019,11,0.822840870655014,"This candidate is a strong fit because they have a proven track record of managing complex projects using Figma, GraphQL, and Six Sigma, and have a strong understanding of these technologies."
CAND_0000037,12,0.8172800327802836,"This candidate is a strong fit because they have a 14.3-year track record of experience in data science and have a strong background in using Databricks, Docker, and Flask."
CAND_0000036,13,0.8122961990562747,"This candidate is a strong fit because they have a 11.3-year experience in project management and have a strong background in using Figma, MongoDB, and PowerPoint."
CAND_0000010,14,0.8120053152998934,"This candidate is a strong fit because they have a strong background in cloud computing and have experience with Google Cloud Platform and Spring Boot. Additionally, they have a strong background in Kubernetes and Kubeflow, which are both popular open-source tools for building scalable and efficient applications."
CAND_0000025,15,0.8104626384259779,"This candidate is a strong fit because they have a proven track record of developing and implementing front-end technologies, including JavaScript, Spark, and GCP. They have a strong understanding of web development best practices and have experience working with a variety of tools and frameworks. Additionally,."
CAND_0000015,16,0.8077791893050696,This candidate is a strong fit because they have a proven track record of developing and implementing cutting-edge software solutions using Python and have a strong background in content writing and weights and biases.
CAND_0000033,17,0.8065902113254249,"This candidate is a strong fit because they have a proven track record of working with Kubernetes, data pipelines, and Snowflake, and have a strong background in both technologies."
CAND_0000035,18,0.8042945705824579,"This candidate is a strong fit because they have a proven track record of developing and implementing full-stack applications using Snowflake, BigQuery, and recommendation systems."
CAND_0000048,19,0.8013772315377048,"This candidate is a strong fit because they have a proven track record of developing mobile applications using Hadoop, Terraform, and Vue.js."
CAND_0000039,20,0.7998935348486333,"This candidate is a strong fit because they have a proven track record of developing and executing successful marketing strategies, including the use of Spark and Tailwind, which have helped them achieve significant results in their previous roles. Additionally, their strong sales skills have allowed them to effectively communicate."
CAND_0000038,21,0.7986210773071716,"This candidate is a strong fit because they have a proven track record of developing Java applications using Kubeflow, Django, and Redux, and have a strong background in programming languages such as Java and Python."
CAND_0000011,22,0.7978264111554684,"This candidate is a strong fit because they have a proven track record of delivering high-quality recommendations using Scrum and FastAPI, and have a strong understanding of recommendation systems."
CAND_0000016,23,0.7932511201081287,"This candidate is a strong fit because they have a proven track record of working with Node.js and Figma, as well as a strong background in data pipelines."
CAND_0000041,24,0.7923850651552115,"This candidate is a strong fit because they have a proven track record of operating operations and have a strong background in Airflow and SQL. Additionally, they have a strong understanding of Go and have experience working with it in the past."
CAND_0000026,25,0.7860830639510034,"This candidate is a strong fit because they have a proven track record of developing and implementing scalable, efficient, and effective software solutions using Apache Beam, Kubeflow, and Scrum. Their experience in these areas is highly valued by their previous employers, and they have consistently."
CAND_0000009,26,0.7839289477355116,"This candidate is a strong fit because they have a 11-year track record of working with snowflake, gRPC, and JavaScript, and have a strong background in programming languages such as JavaScript."
CAND_0000042,27,0.7834234680832601,"This candidate is a strong fit because they have a proven track record of project management and gRPC experience, as well as a strong background in marketing."
CAND_0000004,28,0.7827294416243059,"This candidate is a strong fit because they have a strong background in Node.js and content writing, and have experience with Redux."
CAND_0000021,29,0.7797709667808841,"This candidate is a strong fit because they have a proven track record of managing large-scale projects using Hadoop, PostgreSQL, and Kafka, and have a strong understanding of these technologies."
CAND_0000002,30,0.7796640524267481,This candidate is a strong fit because they have a proven track record of project management and have a strong background in React and Photoshop.
CAND_0000040,31,0.7770927796573722,"This candidate is a strong fit because they have a proven track record of providing exceptional customer support through their experience in SQL, Spring Boot, and accounting."
CAND_0000044,32,0.770186676894282,"This candidate is a strong fit because they have a proven track record of experience in front-end development, with a strong background in Hadoop and JavaScript. Additionally, they have a strong understanding of Databricks, which is a popular data processing platform used in the tech industry."
CAND_0000034,33,0.7682788536751726,"This candidate is a strong fit because they have a proven track record of working with GraphQL and Excel, and have a strong background in Node.js."
CAND_0000020,34,0.762214289181139,"This candidate is a strong fit because they have a strong background in mechanical engineering with a 6.3-year track record of experience in GraphQL, TypeScript, and Flask."
CAND_0000032,35,0.7613213294189872,"This candidate is a strong fit because they have a strong background in .NET development with 8.1 years of experience, and they have a strong skill set in speech recognition and project management. Additionally, they have a strong understanding of REST APIs."
CAND_0000005,36,0.7596243429834543,"This candidate is a strong fit because they have a 11.0-year track record of experience in accounting and have a strong background in SQL and PowerPoint. Additionally, they have a strong grasp of Photoshop, which is a valuable skill for any accounting position."
CAND_0000050,37,0.7577668124543834,"This candidate is a strong fit because they have a 13.5-year track record of experience in business analysis and have a strong background in gRPC and SEO. Additionally, they have a strong track record of feature engineering, which is a crucial skill in the field."
CAND_0000043,38,0.7527242328216934,"This candidate is a strong fit because they have a proven track record of experience in cloud computing and have a strong background in Elasticsearch and OpenSearch. Additionally, they have a strong understanding of Airflow, which is a popular open-source machine learning framework."
CAND_0000030,39,0.7349615940559823,"This candidate is a strong fit because they have a proven track record of experience in the field of marketing and have a strong background in gRPC and Apache Beam. Additionally, their experience in GraphQL is a valuable addition to their skill set."
CAND_0000017,40,0.7336611562018153,"This candidate is a strong fit because they have a 12.3-year track record of experience in Next.js, Java, and Apache Flink, and they have a strong background in data analysis and machine learning."
CAND_0000006,41,0.7213596917209243,"This candidate is a strong fit because they have a proven track record of developing and implementing effective business strategies using content writing and SEO techniques. Additionally, they have a strong understanding of Redux, a popular JavaScript library for building user interfaces."
CAND_0000012,42,0.7185153061100864,"This candidate is a strong fit because they have a proven track record of managing operations in the cloud using Azure, AWS, and other cloud platforms. They have experience in developing and implementing scalable, efficient, and secure solutions to meet business requirements. Additionally, they have a strong."
CAND_0000018,43,0.7133372036859104,"This candidate is a strong fit because they have a proven track record of developing and implementing cutting-edge front-end technologies, including CNN and Java, and have a strong background in accounting."
CAND_0000029,44,0.7,"This candidate is a strong fit because they have a proven track record of developing and implementing business solutions using Node.js, Scrum, and Tailwind frameworks."
